sid,season,name,iso_time,lat,lon,wmo_wind_knots,dist2land_km,landfall
1981298N07083,1981,UNNAMED,1981-10-26 09:00:00,9.7,78.8,,0,0
1981298N07083,1981,UNNAMED,1981-10-26 12:00:00,9.9,78.4,,0,0
1981298N07083,1981,UNNAMED,1981-10-26 14:00:00,10.1,78.2,,0,0
1981298N07083,1981,UNNAMED,1981-10-26 15:00:00,10.2,78.1,,0,0
1981298N07083,1981,UNNAMED,1981-10-26 18:00:00,10.4,77.7,,0,0
1981298N07083,1981,UNNAMED,1981-10-26 21:00:00,10.6,77.3,,0,0
1982337N08084,1982,UNNAMED,1982-12-03 18:00:00,9.6,78.9,,0,0
1982337N08084,1982,UNNAMED,1982-12-03 21:00:00,9.7,78.9,,0,0
1984332N08086,1984,UNNAMED,1984-12-01 12:00:00,11.5,79.3,55,0,0
1984332N08086,1984,UNNAMED,1984-12-01 15:00:00,11.7,78.5,,0,0
1984332N08086,1984,UNNAMED,1984-12-01 18:00:00,11.8,77.7,30,0,0
1985316N13081,1985,UNNAMED,1985-11-12 12:00:00,12.5,80.1,25,0,
1987336N10085,1987,UNNAMED,1987-12-04 21:00:00,10.5,79.8,,0,0
1987336N10085,1987,UNNAMED,1987-12-05 00:00:00,10.4,79.5,,0,0
1987336N10085,1987,UNNAMED,1987-12-05 06:00:00,10.1,79.0,,0,0
1987336N10085,1987,UNNAMED,1987-12-05 09:00:00,9.9,78.8,,0,0
1987336N10085,1987,UNNAMED,1987-12-05 12:00:00,9.7,78.5,,0,0
1987336N10085,1987,UNNAMED,1987-12-05 15:00:00,9.5,78.3,,0,0
1987336N10085,1987,UNNAMED,1987-12-05 18:00:00,9.4,78.0,,0,0
1987336N10085,1987,UNNAMED,1987-12-05 21:00:00,9.2,77.7,,0,0
1987336N10085,1987,UNNAMED,1987-12-06 00:00:00,9.1,77.4,,0,0
1987351N09086,1987,UNNAMED,1987-12-23 03:00:00,10.4,79.6,,0,0
1987351N09086,1987,UNNAMED,1987-12-23 06:00:00,10.5,79.2,,0,
1991301N10083,1991,UNNAMED,1991-10-29 03:00:00,12.3,80.0,,0,0
1991301N10083,1991,UNNAMED,1991-10-29 06:00:00,12.5,79.5,25,0,0
1991301N10083,1991,UNNAMED,1991-10-29 09:00:00,12.5,79.2,,0,0
1991301N10083,1991,UNNAMED,1991-10-29 12:00:00,12.5,79.0,25,0,0
1991301N10083,1991,UNNAMED,1991-10-29 15:00:00,12.7,78.8,,0,0
1991313N10095,1991,UNNAMED,1991-11-15 00:00:00,11.3,79.6,35,0,0
1991313N10095,1991,UNNAMED,1991-11-15 03:00:00,11.5,79.4,,0,0
1991313N10095,1991,UNNAMED,1991-11-15 06:00:00,11.7,79.1,30,0,0
1991313N10095,1991,UNNAMED,1991-11-15 09:00:00,11.9,78.8,,0,0
1991313N10095,1991,UNNAMED,1991-11-15 12:00:00,12.0,78.5,25,0,0
1991313N10095,1991,UNNAMED,1991-11-15 15:00:00,12.1,78.2,,0,0
1991313N10095,1991,UNNAMED,1991-11-15 18:00:00,12.1,77.9,15,0,0
1992311N06107,1992,UNNAMED,1992-11-13 09:00:00,8.4,77.9,,0,0
1992311N06107,1992,UNNAMED,1992-11-13 12:00:00,8.8,77.6,45,0,0
1992311N06107,1992,UNNAMED,1992-11-13 15:00:00,9.1,77.4,,0,0
1993309N06072,1993,UNNAMED,1993-11-08 09:00:00,8.3,77.6,,0,0
1993309N06072,1993,UNNAMED,1993-11-08 12:00:00,8.5,77.5,,0,0
1993309N06072,1993,UNNAMED,1993-11-08 15:00:00,8.7,77.4,,0,0
1993312N06079,1993,UNNAMED,1993-11-09 06:00:00,9.0,78.0,25,0,0
1993312N06079,1993,UNNAMED,1993-11-09 09:00:00,9.0,77.7,,0,0
1993312N06079,1993,UNNAMED,1993-11-09 12:00:00,9.0,77.5,25,0,0
1993312N06079,1993,UNNAMED,1993-11-09 15:00:00,9.0,77.3,,0,0
1993331N07108,1993,UNNAMED,1993-12-04 06:00:00,11.4,79.3,90,0,0
1993331N07108,1993,UNNAMED,1993-12-04 09:00:00,11.7,78.8,,0,0
1993331N07108,1993,UNNAMED,1993-12-04 12:00:00,11.9,78.5,30,0,0
1993331N07108,1993,UNNAMED,1993-12-04 15:00:00,12.1,78.1,,0,0
1994302N11086,1994,UNNAMED,1994-10-31 00:00:00,12.9,80.2,60,0,0
1994302N11086,1994,UNNAMED,1994-10-31 03:00:00,13.1,79.9,55,0,0
1995126N11081,1995,UNNAMED,1995-05-06 12:00:00,12.0,79.5,,0,0
1995126N11081,1995,UNNAMED,1995-05-06 15:00:00,12.3,79.0,,0,0
1995126N11081,1995,UNNAMED,1995-05-06 18:00:00,12.5,78.5,,0,
1996288N09092,1996,UNNAMED,1996-10-17 21:00:00,13.0,80.2,,0,0
1996288N09092,1996,UNNAMED,1996-10-18 00:00:00,13.0,80.1,,0,0
1996288N09092,1996,UNNAMED,1996-10-18 03:00:00,13.0,79.9,,0,0
1996288N09092,1996,UNNAMED,1996-10-18 06:00:00,13.0,79.8,,0,0
1996288N09092,1996,UNNAMED,1996-10-18 09:00:00,13.0,79.7,,0,0
1996288N09092,1996,UNNAMED,1996-10-18 12:00:00,13.0,79.5,,0,0
1996288N09092,1996,UNNAMED,1996-10-18 15:00:00,13.0,79.2,,0,0
1996288N09092,1996,UNNAMED,1996-10-18 18:00:00,13.0,78.8,,0,0
1996332N09092,1996,UNNAMED,1996-12-06 15:00:00,12.7,80.2,,0,0
1996332N09092,1996,UNNAMED,1996-12-06 18:00:00,12.4,79.8,,0,0
1996332N09092,1996,UNNAMED,1996-12-06 21:00:00,12.3,79.3,,0,0
1996332N09092,1996,UNNAMED,1996-12-07 00:00:00,12.2,78.8,,0,0
1996332N09092,1996,UNNAMED,1996-12-07 03:00:00,12.1,78.2,,0,0
1997307N08082,1997,UNNAMED,1997-11-07 18:00:00,10.3,79.0,,0,0
1997307N08082,1997,UNNAMED,1997-11-07 21:00:00,10.3,78.6,,0,0
1997307N08082,1997,UNNAMED,1997-11-08 00:00:00,10.3,78.1,,0,0
1997307N08082,1997,UNNAMED,1997-11-08 03:00:00,10.3,77.6,,0,0
2000331N09092,2000,UNNAMED,2000-11-29 15:00:00,11.4,79.3,,0,0
2000331N09092,2000,UNNAMED,2000-11-29 18:00:00,11.3,78.6,45,0,0
2000331N09092,2000,UNNAMED,2000-11-29 21:00:00,11.3,78.3,,0,0
2000331N09092,2000,UNNAMED,2000-11-30 00:00:00,11.4,78.1,,0,0
2000331N09092,2000,UNNAMED,2000-11-30 03:00:00,11.4,77.7,30,0,0
2000331N09092,2000,UNNAMED,2000-11-30 06:00:00,11.4,77.2,25,0,0
2000331N09092,2000,UNNAMED,2000-11-30 09:00:00,11.5,76.9,,0,0
2000331N09092,2000,UNNAMED,2000-11-30 12:00:00,11.5,76.5,,0,0
2000358N08086,2000,UNNAMED,2000-12-28 00:00:00,8.4,77.8,35,0,0
2000358N08086,2000,UNNAMED,2000-12-28 03:00:00,8.4,77.7,35,0,0
2000358N08086,2000,UNNAMED,2000-12-28 06:00:00,8.5,77.3,30,0,0
2005330N09096,2005,BAAZ,2005-12-03 03:00:00,12.7,80.2,,0,0
2005330N09096,2005,BAAZ,2005-12-03 06:00:00,12.6,80.0,,0,0
2005330N09096,2005,BAAZ,2005-12-03 09:00:00,12.5,79.8,,0,0
2005330N09096,2005,BAAZ,2005-12-03 12:00:00,12.5,79.7,,0,0
2005330N09096,2005,BAAZ,2005-12-03 15:00:00,12.5,79.6,,0,0
2005330N09096,2005,BAAZ,2005-12-03 18:00:00,12.5,79.5,,0,0
2005330N09096,2005,BAAZ,2005-12-03 21:00:00,12.5,79.4,,0,0
2005330N09096,2005,BAAZ,2005-12-04 00:00:00,12.5,79.3,,0,
2005338N09093,2005,FANOOS,2005-12-10 15:00:00,10.1,79.1,,0,0
2005338N09093,2005,FANOOS,2005-12-10 18:00:00,10.2,78.7,,0,0
2005338N09093,2005,FANOOS,2005-12-10 21:00:00,10.2,78.2,,0,0
2005338N09093,2005,FANOOS,2005-12-11 00:00:00,10.0,77.8,,0,0
2005338N09093,2005,FANOOS,2005-12-11 03:00:00,9.7,77.5,,0,0
2006300N07078,2006,UNNAMED,2006-10-28 03:00:00,10.7,79.8,,0,0
2008329N09082,2008,NISHA,2008-11-27 03:00:00,11.5,79.6,40,0,0
2008329N09082,2008,NISHA,2008-11-27 06:00:00,11.7,79.4,,0,0
2008329N09082,2008,NISHA,2008-11-27 09:00:00,11.8,79.1,30,0,0
2008329N09082,2008,NISHA,2008-11-27 12:00:00,11.8,78.6,20,0,0
2008329N09082,2008,NISHA,2008-11-27 15:00:00,11.9,78.2,,0,0
2010305N06105,2010,JAL,2010-11-07 18:00:00,13.1,80.0,30,0,0
2011360N09088,2011,THANE,2011-12-30 03:00:00,11.6,79.5,55,0,0
2011360N09088,2011,THANE,2011-12-30 06:00:00,11.6,79.1,30,0,0
2011360N09088,2011,THANE,2011-12-30 09:00:00,11.8,78.6,,0,0
2011360N09088,2011,THANE,2011-12-30 12:00:00,12.2,78.2,25,0,
2012301N11087,2012,NILAM,2012-10-31 12:00:00,12.7,79.8,35,0,0
2012301N11087,2012,NILAM,2012-10-31 15:00:00,13.0,79.2,35,0,0
2012321N14090,2012,UNNAMED,2012-11-22 18:00:00,12.8,80.2,,0,0
2012321N14090,2012,UNNAMED,2012-11-22 21:00:00,12.8,79.9,,0,0
2012321N14090,2012,UNNAMED,2012-11-23 00:00:00,12.7,79.5,,0,0
2012321N14090,2012,UNNAMED,2012-11-23 03:00:00,12.7,79.2,,0,0
2012321N14090,2012,UNNAMED,2012-11-23 06:00:00,12.6,78.9,,0,
2013305N07141,2013,UNNAMED,2013-11-16 09:00:00,11.1,79.5,25,0,0
2013305N07141,2013,UNNAMED,2013-11-16 12:00:00,11.1,78.9,25,0,0
2013305N07141,2013,UNNAMED,2013-11-16 15:00:00,11.2,78.3,,0,0
2013305N07141,2013,UNNAMED,2013-11-16 18:00:00,11.3,77.6,25,0,0
2013305N07141,2013,UNNAMED,2013-11-16 21:00:00,11.3,76.9,,0,0
2013339N09084,2013,MADI,2013-12-12 18:00:00,10.0,78.8,20,0,
2015312N11084,2015,UNNAMED,2015-11-09 15:00:00,12.3,80.0,,0,0
2015312N11084,2015,UNNAMED,2015-11-09 18:00:00,12.4,79.9,30,0,0
2015312N11084,2015,UNNAMED,2015-11-09 21:00:00,12.4,79.8,,0,0
2015312N11084,2015,UNNAMED,2015-11-10 00:00:00,12.4,79.6,30,0,0
2015312N11084,2015,UNNAMED,2015-11-10 03:00:00,12.4,79.3,20,0,
2016335N07088,2016,NADA,2016-12-02 00:00:00,10.9,79.6,25,0,0
2016335N07088,2016,NADA,2016-12-02 03:00:00,11.0,79.3,,0,0
2016335N07088,2016,NADA,2016-12-02 06:00:00,11.0,78.9,,0,
2016341N08092,2016,VARDAH,2016-12-12 09:00:00,13.2,80.3,60,10,0
2016341N08092,2016,VARDAH,2016-12-12 12:00:00,13.1,79.9,50,0,0
2016341N08092,2016,VARDAH,2016-12-12 15:00:00,13.1,79.4,40,0,0
2016341N08092,2016,VARDAH,2016-12-12 18:00:00,13.0,78.9,30,0,0
2018314N12093,2018,GAJA,2018-11-15 21:00:00,10.5,79.7,70,0,0
2018314N12093,2018,GAJA,2018-11-16 00:00:00,10.5,79.1,55,0,0
2018314N12093,2018,GAJA,2018-11-16 03:00:00,10.4,78.5,45,0,0
2018314N12093,2018,GAJA,2018-11-16 06:00:00,10.5,77.6,30,0,0
2018314N12093,2018,GAJA,2018-11-16 09:00:00,10.3,76.9,,0,0
2020327N08086,2020,NIVAR,2020-11-26 00:00:00,12.5,80.0,50,0,0
2020327N08086,2020,NIVAR,2020-11-26 03:00:00,12.7,79.7,40,0,0
2020327N08086,2020,NIVAR,2020-11-26 06:00:00,13.0,79.6,35,0,0
2020335N06090,2020,BUREVI,2020-12-03 18:00:00,9.3,79.3,30,32,32
2020335N06090,2020,BUREVI,2020-12-03 21:00:00,9.3,79.3,30,32,32
2020335N06090,2020,BUREVI,2020-12-04 15:00:00,9.3,79.3,,32,24
2021312N07090,2021,UNNAMED,2021-11-11 12:00:00,13.0,80.1,25,0,0
2021312N07090,2021,UNNAMED,2021-11-11 15:00:00,12.9,79.4,,0,0
2021322N11082,2021,UNNAMED,2021-11-19 00:00:00,12.5,80.0,25,0,0
2021322N11082,2021,UNNAMED,2021-11-19 03:00:00,12.7,79.7,20,0,
2022338N05100,2022,MANDOUS,2022-12-09 21:00:00,12.8,80.1,35,0,0
2022338N05100,2022,MANDOUS,2022-12-10 00:00:00,12.8,79.8,30,0,0
2022338N05100,2022,MANDOUS,2022-12-10 03:00:00,12.8,79.6,30,0,0
2022338N05100,2022,MANDOUS,2022-12-10 06:00:00,12.9,79.4,25,0,0
2022338N05100,2022,MANDOUS,2022-12-10 09:00:00,12.9,79.1,,0,0
2022338N05100,2022,MANDOUS,2022-12-10 12:00:00,12.9,78.8,,0,
2024329N04089,2024,FENGAL,2024-12-01 00:00:00,12.1,79.9,35,0,0
2024329N04089,2024,FENGAL,2024-12-01 03:00:00,12.0,79.8,35,0,0
2024329N04089,2024,FENGAL,2024-12-01 06:00:00,12.1,79.8,30,0,0
2024329N04089,2024,FENGAL,2024-12-01 09:00:00,12.1,79.7,,0,0
2024329N04089,2024,FENGAL,2024-12-01 12:00:00,12.1,79.5,25,0,0
2024329N04089,2024,FENGAL,2024-12-01 15:00:00,12.1,79.4,,0,0
2024329N04089,2024,FENGAL,2024-12-01 18:00:00,12.2,79.3,25,0,0
2024329N04089,2024,FENGAL,2024-12-01 21:00:00,12.1,79.2,,0,0
2024329N04089,2024,FENGAL,2024-12-02 00:00:00,12.1,79.1,,0,0
2024329N04089,2024,FENGAL,2024-12-02 03:00:00,12.1,78.9,,0,0
2024329N04089,2024,FENGAL,2024-12-02 06:00:00,12.2,78.6,,0,0
2024329N04089,2024,FENGAL,2024-12-02 09:00:00,12.3,78.3,,0,0
2024329N04089,2024,FENGAL,2024-12-02 12:00:00,12.5,77.9,,0,0
