sid,season,name,max_wind_knots,cyclone_intensity
1984332N08086,1984,UNNAMED,55.0,0.5
1985316N13081,1985,UNNAMED,25.0,0.071
1991301N10083,1991,UNNAMED,25.0,0.071
1991313N10095,1991,UNNAMED,35.0,0.214
1992311N06107,1992,UNNAMED,45.0,0.357
1993312N06079,1993,UNNAMED,25.0,0.071
1993331N07108,1993,UNNAMED,90.0,1.0
1994302N11086,1994,UNNAMED,60.0,0.571
2000331N09092,2000,UNNAMED,45.0,0.357
2000358N08086,2000,UNNAMED,35.0,0.214
2008329N09082,2008,NISHA,40.0,0.286
2010305N06105,2010,JAL,30.0,0.143
2011360N09088,2011,THANE,55.0,0.5
2012301N11087,2012,NILAM,35.0,0.214
2013339N09084,2013,MADI,20.0,0.0
2013305N07141,2013,UNNAMED,25.0,0.071
2015312N11084,2015,UNNAMED,30.0,0.143
2016335N07088,2016,NADA,25.0,0.071
2016341N08092,2016,VARDAH,60.0,0.571
2018314N12093,2018,GAJA,70.0,0.714
2020335N06090,2020,BUREVI,30.0,0.143
2020327N08086,2020,NIVAR,50.0,0.429
2021312N07090,2021,UNNAMED,25.0,0.071
2021322N11082,2021,UNNAMED,25.0,0.071
2022338N05100,2022,MANDOUS,35.0,0.214
2024329N04089,2024,FENGAL,35.0,0.214
