district,block,tmax_early_mean,tmax_recent_mean,tmax_change,tmin_early_mean,tmin_recent_mean,tmin_change,heat_risk
coimbatore,anaimalai,27.846,28.723,0.877,18.576,19.835,1.258,0.766
coimbatore,annur,27.535,28.228,0.693,17.628,18.773,1.145,0.552
coimbatore,coimbatore_south,28.409,29.487,1.078,18.577,20.057,1.48,1.0
coimbatore,karamadai,27.535,28.228,0.693,17.628,18.773,1.145,0.552
coimbatore,kinathukadavu,28.409,29.487,1.078,18.577,20.057,1.48,1.0
coimbatore,periyanaickenpalayam,28.409,29.487,1.078,18.577,20.057,1.48,1.0
coimbatore,pollachi,27.846,28.723,0.877,18.576,19.835,1.258,0.766
coimbatore,pollachi_north,27.846,28.723,0.877,18.576,19.835,1.258,0.766
coimbatore,pollachi_south,27.846,28.723,0.877,18.576,19.835,1.258,0.766
coimbatore,sarcarsamakulam,28.409,29.487,1.078,18.577,20.057,1.48,1.0
coimbatore,sultanpet,28.409,29.487,1.078,18.577,20.057,1.48,1.0
coimbatore,sulur,28.409,29.487,1.078,18.577,20.057,1.48,1.0
coimbatore,thondamuthur,28.409,29.487,1.078,18.577,20.057,1.48,1.0
coimbatore,valparai,27.846,28.723,0.877,18.576,19.835,1.258,0.766
erode,bhavanisagar,26.661,26.97,0.308,16.679,17.489,0.81,0.105
erode,nambiyur,28.714,29.742,1.028,18.098,19.712,1.614,0.942
erode,sathyamangalam,26.661,26.97,0.308,16.679,17.489,0.81,0.105
erode,talavadi,26.661,26.97,0.308,16.679,17.489,0.81,0.105
pudukkottai,alangudi,34.27,34.919,0.649,24.172,24.492,0.321,0.501
pudukkottai,annavasal,34.027,34.89,0.864,23.643,24.082,0.439,0.751
pudukkottai,aranthangi,32.949,33.659,0.71,24.674,24.664,-0.01,0.572
pudukkottai,arimalam,33.279,33.974,0.694,24.548,24.621,0.073,0.553
pudukkottai,avudayarkoil,32.949,33.659,0.71,24.674,24.664,-0.01,0.572
pudukkottai,gandarvakkottai,34.27,34.919,0.649,24.172,24.492,0.321,0.501
pudukkottai,karambakkudi,34.27,34.919,0.649,24.172,24.492,0.321,0.501
pudukkottai,kulathur,34.27,34.919,0.649,24.172,24.492,0.321,0.501
pudukkottai,kunnandarkovil,34.27,34.919,0.649,24.172,24.492,0.321,0.501
pudukkottai,manamelkudi,32.949,33.659,0.71,24.674,24.664,-0.01,0.572
pudukkottai,manikandam,33.978,34.885,0.907,23.538,24.0,0.462,0.801
pudukkottai,ponnamaravathi,33.978,34.885,0.907,23.538,24.0,0.462,0.801
pudukkottai,pudukkottai,34.27,34.919,0.649,24.172,24.492,0.321,0.501
pudukkottai,thirumayam,34.008,34.996,0.989,23.73,24.065,0.335,0.897
pudukkottai,tiruvarankulam,34.27,34.919,0.649,24.172,24.492,0.321,0.501
pudukkottai,viralimalai,33.978,34.885,0.907,23.538,24.0,0.462,0.801
thanjavur,ammapettai,34.253,34.633,0.379,24.193,24.522,0.329,0.187
thanjavur,aranthangi,34.245,34.49,0.245,24.204,24.538,0.334,0.031
thanjavur,budalur,34.253,34.633,0.379,24.193,24.522,0.329,0.187
thanjavur,karambakkudi,34.27,34.919,0.649,24.172,24.492,0.321,0.501
thanjavur,kumbakonam,32.9,33.118,0.218,24.828,25.034,0.205,0.0
thanjavur,madukkur,32.734,32.996,0.262,24.63,24.845,0.215,0.051
thanjavur,orathanadu,33.118,33.477,0.358,24.516,24.757,0.241,0.163
thanjavur,papanasam,33.349,33.575,0.227,24.62,24.869,0.248,0.01
thanjavur,pattukkottai,33.075,33.405,0.33,24.578,24.812,0.234,0.13
thanjavur,peravurani,33.61,34.289,0.679,24.423,24.578,0.155,0.536
thanjavur,sethubhavachatram,33.758,34.278,0.52,24.324,24.61,0.285,0.351
thanjavur,thanjavur,34.249,34.561,0.312,24.198,24.53,0.332,0.109
thanjavur,thiruppanandal,32.9,33.118,0.218,24.828,25.034,0.205,0.0
thanjavur,thiruvaiyaru,34.245,34.49,0.245,24.204,24.538,0.334,0.031
thanjavur,thiruvidaimarudur,32.9,33.118,0.218,24.828,25.034,0.205,0.0
thanjavur,thiruvonam,33.392,33.82,0.428,24.434,24.694,0.26,0.244
thanjavur,valangaiman,32.9,33.118,0.218,24.828,25.034,0.205,0.0
the_nilgiris,coonoor,26.622,26.958,0.336,16.707,17.476,0.769,0.137
the_nilgiris,gudalur,26.503,26.924,0.421,16.792,17.438,0.646,0.236
the_nilgiris,kotagiri,26.661,26.97,0.308,16.679,17.489,0.81,0.105
the_nilgiris,panthalur,26.503,26.924,0.421,16.792,17.438,0.646,0.236
the_nilgiris,udhagamandalam,26.535,26.933,0.398,16.769,17.448,0.679,0.209
